{
  "neutral": {
    "position": [
      -0.011071557,
      -0.1544295,
      -0.5409139000000001
    ],
    "quaternion": [
      0.3714827738288951,
      -0.46881683669324525,
      0.1607752933197731,
      0.785087655895359
    ],
    "euler": [
      56.67281720190448,
      -58.82333048067162,
      -10.672260587656982
    ]
  },
  "roll_left_90": {
    "position": [
      0.012041040000000001,
      -0.15549739999999998,
      -0.5304233
    ],
    "quaternion": [
      0.0648458246365683,
      -0.0882617582513548,
      0.7785930232879624,
      0.6178978759834777
    ],
    "euler": [
      -3.360109962477492,
      -12.12531281503726,
      103.48536399036217
    ]
  },
  "roll_right_90": {
    "position": [
      -0.009412009,
      -0.1483598,
      -0.5463581
    ],
    "quaternion": [
      -0.4713453874120525,
      0.5982033588280932,
      0.43994961571780816,
      -0.475847247424972
    ],
    "euler": [
      99.32149902798133,
      -8.891881677449815,
      -95.97280555620944
    ]
  },
  "pitch_up_90": {
    "position": [
      -0.0029964510000000002,
      -0.1660458,
      -0.5497472
    ],
    "quaternion": [
      0.7109416624224275,
      -0.339480733908026,
      0.4229118586793209,
      0.4477279796100589
    ],
    "euler": [
      124.6314274414005,
      -64.86660048457055,
      -14.174164132788201
    ]
  },
  "pitch_down_90": {
    "position": [
      -0.06308894000000001,
      -0.1533624,
      -0.47240479999999996
    ],
    "quaternion": [
      -0.5229439565000747,
      -0.27119554552768804,
      -0.14022077207840244,
      0.7958145069824528
    ],
    "euler": [
      -67.97337182312052,
      -35.33091548997557,
      4.250076415106816
    ]
  },
  "yaw_left_90": {
    "position": [
      0.021456499999999996,
      -0.11220670000000002,
      -0.5235757000000001
    ],
    "quaternion": [
      0.2594573110441804,
      0.1979222319459463,
      -0.061620699652235385,
      0.9432452402326913
    ],
    "euler": [
      30.580079724820386,
      23.91333058482117,
      -0.8487957920554767
    ]
  },
  "yaw_right_90": {
    "position": [
      0.02118603,
      -0.1059784,
      -0.5375018
    ],
    "quaternion": [
      0.09519101253919482,
      0.9469818759990822,
      -0.28489718878225584,
      -0.11400697121224493
    ],
    "euler": [
      -145.33525186984875,
      -9.304757735096134,
      165.61012054738853
    ]
  }
}